date,co,no,no2,o3,so2,pm2_5,pm10,nh3
2023-01-01 00:00:00,1655.58,1.66,39.41,5.9,17.88,169.29,194.64,5.83
2023-01-01 01:00:00,1869.2,6.82,42.16,1.99,22.17,182.84,211.08,7.66
2023-01-01 02:00:00,2510.07,27.72,43.87,0.02,30.04,220.25,260.68,11.4
2023-01-01 03:00:00,3150.94,55.43,44.55,0.85,35.76,252.9,304.12,13.55
2023-01-01 04:00:00,3471.37,68.84,45.24,5.45,39.1,266.36,322.8,14.19
2023-01-01 05:00:00,3578.19,64.37,55.52,14.13,44.35,276.54,336.79,16.21
2023-01-01 06:00:00,3578.19,46.94,76.09,33.26,50.54,295.4,357.07,19.25
2023-01-01 07:00:00,1468.66,9.83,47.3,105.86,68.66,158.83,182.61,7.09
2023-01-01 08:00:00,1161.58,5.81,35.99,125.89,61.99,134.39,153.47,5.51
2023-01-01 09:00:00,1161.58,4.58,36.33,134.47,65.8,133.22,152.09,6.02
2023-01-01 10:00:00,2376.56,14.98,80.88,70.1,64.85,197.11,235.99,19.76
2023-01-01 11:00:00,4325.87,54.09,119.27,12.34,66.76,298.82,366.6,34.96
2023-01-01 12:00:00,6141.66,123.38,127.49,0.72,78.2,385.41,474.7,47.62
2023-01-01 13:00:00,8010.86,189.54,137.09,0.0,109.67,493.18,603.98,71.94
2023-01-01 14:00:00,9506.23,225.31,142.57,0.0,141.14,608.62,742.76,96.26
2023-01-01 15:00:00,10253.91,228.88,143.95,0.0,156.4,689.94,840.91,110.45
2023-01-01 16:00:00,10574.34,228.88,146.69,0.0,177.38,743.91,904.27,125.65
2023-01-01 17:00:00,11322.02,236.03,152.17,0.0,205.99,811.4,981.17,147.94
2023-01-01 18:00:00,11535.64,236.03,149.43,0.0,215.53,834.55,1006.18,156.04
2023-01-01 19:00:00,10894.78,221.73,139.83,0.0,202.18,791.61,952.0,147.94
2023-01-01 20:00:00,10147.09,202.06,130.24,0.0,202.18,758.44,911.29,151.99
2023-01-01 21:00:00,9185.79,177.03,120.64,0.0,196.46,722.3,867.55,154.02
2023-01-01 22:00:00,7797.24,144.84,100.08,0.0,127.79,646.22,778.21,102.34
2023-01-01 23:00:00,6622.31,121.59,80.88,0.0,73.43,583.03,700.01,50.16
2023-01-02 00:00:00,6301.88,121.59,68.55,0.0,55.31,577.03,682.86,28.12
2023-01-02 01:00:00,7049.56,146.63,62.38,0.0,54.84,643.62,752.31,24.57
2023-01-02 02:00:00,9292.6,221.73,62.38,0.0,63.9,807.13,944.78,28.63
2023-01-02 03:00:00,11428.83,311.14,68.55,0.16,66.76,940.49,1100.6,26.09
2023-01-02 04:00:00,9506.23,253.92,82.25,1.97,74.39,786.89,919.22,22.55
2023-01-02 05:00:00,9613.04,232.46,116.53,6.71,81.06,802.84,939.02,26.35
2023-01-02 06:00:00,10147.09,171.66,202.89,22.35,95.37,887.45,1025.58,33.44
2023-01-02 07:00:00,2456.67,27.49,105.56,78.68,177.38,303.33,342.39,7.16
2023-01-02 08:00:00,1842.5,14.31,82.25,107.29,141.14,237.73,269.52,5.26
2023-01-02 09:00:00,1895.9,10.51,84.31,123.02,146.87,253.57,287.63,5.38
2023-01-02 10:00:00,3631.59,27.72,131.61,57.94,129.7,368.12,431.92,25.59
2023-01-02 11:00:00,6355.29,93.88,160.4,8.76,118.26,537.38,644.87,52.18
2023-01-02 12:00:00,9078.98,196.7,165.88,0.57,152.59,688.83,835.43,86.13
2023-01-02 13:00:00,11428.83,271.8,175.48,0.0,207.9,838.72,1020.61,133.75
2023-01-02 14:00:00,12283.33,268.22,172.73,0.0,234.6,947.07,1158.61,164.15
2023-01-02 15:00:00,11962.89,227.09,159.03,0.0,219.35,984.28,1208.75,160.1
2023-01-02 16:00:00,11001.59,180.6,142.57,0.0,173.57,980.05,1200.7,122.61
2023-01-02 17:00:00,10360.72,150.2,126.12,0.0,133.51,967.81,1180.92,87.14
2023-01-02 18:00:00,9078.98,125.17,109.67,0.0,91.55,891.85,1086.25,51.68
2023-01-02 19:00:00,7370.0,99.24,93.22,0.0,54.36,775.74,934.68,22.8
2023-01-02 20:00:00,6088.26,76.0,80.2,0.0,42.44,695.45,826.41,15.07
2023-01-02 21:00:00,5180.36,55.88,69.92,0.0,39.58,637.53,746.12,13.81
2023-01-02 22:00:00,4699.71,44.7,63.06,0.0,41.48,602.85,697.48,15.33
2023-01-02 23:00:00,4592.9,44.26,58.95,0.0,48.64,598.74,686.91,20.27
2023-01-03 00:00:00,4806.52,52.75,56.89,0.0,61.99,611.98,699.29,28.88
2023-01-03 01:00:00,5607.6,78.68,56.89,0.0,81.06,666.55,760.43,44.08
2023-01-03 02:00:00,7904.05,151.99,61.69,0.0,90.6,813.7,932.78,52.18
2023-01-03 03:00:00,10253.91,239.61,73.34,0.03,82.97,940.67,1054.16,41.54
2023-01-03 04:00:00,6568.91,128.75,100.08,1.03,82.97,644.99,710.12,23.81
2023-01-03 05:00:00,6355.29,109.97,100.08,5.99,88.69,614.36,684.18,24.07
2023-01-03 06:00:00,6248.47,80.47,122.01,22.71,94.41,612.99,688.4,23.05
2023-01-03 07:00:00,2429.96,21.23,76.77,87.26,127.79,279.92,313.3,6.14
2023-01-03 08:00:00,1628.88,9.61,52.78,121.59,88.69,199.93,225.6,5.95
2023-01-03 09:00:00,1415.25,6.26,46.61,138.76,77.25,182.79,206.4,7.03
2023-01-03 10:00:00,1735.69,7.04,60.32,115.87,69.62,195.47,225.43,13.3
2023-01-03 11:00:00,2456.67,9.28,91.85,65.09,62.94,229.65,271.57,21.53
2023-01-03 12:00:00,3177.64,12.52,126.12,12.52,57.7,264.02,315.37,26.35
2023-01-03 13:00:00,3738.4,25.7,124.75,0.06,55.31,307.17,367.04,27.36
2023-01-03 14:00:00,3738.4,16.99,115.16,0.51,51.02,342.41,406.96,24.07
2023-01-03 15:00:00,3337.86,2.32,97.33,13.05,43.87,346.06,406.28,17.73
2023-01-03 16:00:00,2857.21,0.03,71.97,36.84,38.15,321.7,373.76,13.17
2023-01-03 17:00:00,2643.59,0.01,62.38,41.13,35.29,297.54,345.69,11.27
2023-01-03 18:00:00,2323.15,0.01,54.84,42.56,29.56,260.64,300.75,8.49
2023-01-03 19:00:00,1895.9,0.0,43.87,47.21,23.6,223.78,252.41,5.7
2023-01-03 20:00:00,1682.28,0.0,36.33,49.35,21.7,208.63,230.93,5.19
2023-01-03 21:00:00,1575.47,0.0,32.22,49.35,21.46,202.96,222.47,5.07
2023-01-03 22:00:00,1508.71,0.0,29.82,48.64,21.22,198.84,217.02,5.0
2023-01-03 23:00:00,1482.01,0.0,29.13,47.92,21.93,196.7,213.67,5.0
2023-01-04 00:00:00,1522.06,0.01,31.53,45.78,23.6,200.81,217.59,5.26
2023-01-04 01:00:00,1735.69,0.06,41.81,38.27,29.33,218.39,238.42,7.09
2023-01-04 02:00:00,2269.74,1.29,65.8,17.88,40.05,258.33,287.36,11.53
2023-01-04 03:00:00,2777.1,9.39,81.57,3.4,51.98,292.03,330.37,16.21
2023-01-04 04:00:00,3017.43,19.89,79.51,7.87,65.8,312.27,356.38,19.76
2023-01-04 05:00:00,3044.13,24.81,73.34,25.03,78.2,324.31,372.64,19.76
2023-01-04 06:00:00,2803.8,21.9,69.92,54.36,90.6,324.68,371.96,17.73
2023-01-04 07:00:00,2029.42,11.85,58.95,105.86,94.41,264.92,298.29,12.67
2023-01-04 08:00:00,1655.58,8.83,52.78,125.89,89.65,226.24,254.02,11.4
2023-01-04 09:00:00,1562.12,6.93,52.78,135.9,91.55,220.47,246.56,11.53
2023-01-04 10:00:00,1949.31,7.49,68.55,115.87,83.92,245.78,278.38,16.72
2023-01-04 11:00:00,2750.4,8.49,100.08,68.66,69.62,289.28,333.6,23.05
2023-01-04 12:00:00,3417.97,9.28,134.35,15.38,57.7,314.45,366.85,23.31
2023-01-04 13:00:00,3898.62,21.68,130.24,0.15,52.93,334.6,394.29,22.29
2023-01-04 14:00:00,4058.84,20.34,116.53,0.16,50.54,361.48,429.52,21.03
2023-01-04 15:00:00,3898.62,10.62,105.56,1.32,46.25,372.92,446.18,17.73
2023-01-04 16:00:00,3791.81,5.81,95.96,2.95,42.44,381.88,456.42,15.58
2023-01-04 17:00:00,3898.62,7.93,90.48,1.83,40.53,395.46,475.53,15.58
2023-01-04 18:00:00,3631.59,8.72,83.63,1.52,34.33,377.04,452.24,12.54
2023-01-04 19:00:00,3070.83,4.14,74.71,4.11,26.46,334.32,395.79,8.23
2023-01-04 20:00:00,2670.29,1.03,63.06,10.37,23.84,314.48,364.57,6.97
2023-01-04 21:00:00,2456.67,0.39,53.47,15.2,22.65,310.27,352.76,6.46
2023-01-04 22:00:00,2323.15,0.28,47.3,16.99,21.93,309.91,347.09,6.33
2023-01-04 23:00:00,2243.04,0.32,43.87,16.63,21.46,312.2,344.97,6.27
2023-01-05 00:00:00,2269.74,0.67,45.93,13.41,22.41,315.35,341.52,6.52
2023-01-05 01:00:00,2536.77,4.53,54.15,5.81,27.18,330.39,355.83,8.87
2023-01-05 02:00:00,3284.45,24.14,63.06,0.15,37.67,370.86,406.67,14.31
2023-01-05 03:00:00,3898.62,45.15,71.29,0.15,48.64,393.62,436.41,18.49
2023-01-05 04:00:00,3952.03,46.94,82.94,1.3,61.99,389.31,433.52,21.03
2023-01-05 05:00:00,3898.62,43.36,87.74,8.23,73.43,381.59,431.43,20.77
2023-01-05 06:00:00,3524.78,33.53,87.05,24.32,83.92,354.27,402.27,18.49
2023-01-05 07:00:00,2403.26,16.99,70.6,77.96,91.55,259.08,290.22,14.31
2023-01-05 08:00:00,2216.34,13.75,66.49,97.27,91.55,231.77,260.38,14.82
2023-01-05 09:00:00,2216.34,11.96,67.86,104.43,97.27,214.72,244.05,16.97
2023-01-05 10:00:00,3044.13,19.67,90.48,70.1,81.06,258.36,303.5,24.83
2023-01-05 11:00:00,4646.3,49.62,126.12,20.21,67.71,355.35,427.04,30.4
2023-01-05 12:00:00,6248.47,107.29,139.83,1.61,69.62,438.79,533.82,34.45
2023-01-05 13:00:00,7797.24,159.14,141.2,0.0,82.97,535.36,657.43,46.61
2023-01-05 14:00:00,8865.36,175.24,132.98,0.0,85.83,631.63,785.34,50.66
2023-01-05 15:00:00,9078.98,168.09,113.79,0.0,79.15,692.16,868.19,46.61
2023-01-05 16:00:00,8972.17,155.57,94.59,0.0,68.66,724.54,904.28,38.5
2023-01-05 17:00:00,8544.92,139.47,80.88,0.0,57.22,717.3,889.55,29.89
2023-01-05 18:00:00,7049.56,109.97,69.23,0.0,41.01,620.57,762.95,18.75
2023-01-05 19:00:00,5073.55,68.84,59.63,0.0,27.18,478.93,571.88,10.51
2023-01-05 20:00:00,3952.03,42.02,54.84,0.0,23.84,405.46,463.39,8.99
2023-01-05 21:00:00,3364.56,26.38,53.47,0.01,22.89,370.05,405.53,8.49
2023-01-05 22:00:00,3044.13,17.43,53.47,0.05,23.37,349.38,376.2,8.49
2023-01-05 23:00:00,2937.32,15.2,53.47,0.08,25.99,347.67,371.51,9.63
2023-01-06 00:00:00,3044.13,19.45,53.47,0.03,31.95,362.42,386.16,12.54
2023-01-06 01:00:00,3524.78,35.76,55.52,0.0,43.39,388.3,417.76,18.75
2023-01-06 02:00:00,4486.08,67.95,62.38,0.0,55.79,426.14,469.78,24.57
2023-01-06 03:00:00,4806.52,77.78,76.09,0.03,62.94,412.87,457.85,24.57
2023-01-06 04:00:00,2723.69,6.03,109.67,13.95,98.23,261.92,288.64,17.73
2023-01-06 05:00:00,2536.77,10.17,100.08,22.17,106.81,218.44,247.33,18.75
2023-01-06 06:00:00,2429.96,14.98,89.11,28.97,111.58,198.08,228.41,19.51
2023-01-06 07:00:00,2082.82,14.98,77.46,47.21,99.18,177.13,204.67,17.48
2023-01-06 08:00:00,1895.9,10.39,78.14,53.64,92.51,171.63,197.56,16.72
2023-01-06 09:00:00,1922.61,6.98,86.37,49.35,99.18,178.76,205.67,17.99
2023-01-06 10:00:00,3578.19,45.6,112.41,12.7,85.83,273.96,327.88,32.17
2023-01-06 11:00:00,6248.47,137.69,120.64,3.17,79.15,424.9,517.94,43.06
2023-01-06 12:00:00,8972.17,243.19,135.72,0.43,98.23,568.94,694.62,58.26
2023-01-06 13:00:00,11642.46,332.59,149.43,0.0,131.61,736.02,897.1,83.09
2023-01-06 14:00:00,12817.38,332.59,150.8,0.0,110.63,844.98,1035.78,62.82
2023-01-06 15:00:00,11535.64,253.92,142.57,0.0,74.39,808.5,997.3,33.44
2023-01-06 16:00:00,7583.62,119.81,126.12,0.0,53.41,589.52,731.64,21.79
2023-01-06 17:00:00,7476.81,113.55,109.67,0.0,51.5,606.61,763.61,23.81
2023-01-06 18:00:00,7049.56,113.55,93.22,0.0,46.73,586.34,745.2,22.55
2023-01-06 19:00:00,5767.82,95.67,77.46,0.0,34.81,500.99,628.19,14.82
2023-01-06 20:00:00,4379.27,61.69,66.49,0.0,23.13,414.89,484.29,8.61
2023-01-06 21:00:00,3284.45,32.63,61.01,0.01,19.07,344.0,375.18,6.4
2023-01-06 22:00:00,2483.37,10.84,58.95,0.36,18.84,282.73,297.33,5.7
2023-01-06 23:00:00,2162.93,4.19,54.84,1.92,19.79,255.84,268.1,6.02
2023-01-07 00:00:00,2056.12,3.07,52.78,3.35,22.89,244.33,257.08,7.41
2023-01-07 01:00:00,2216.34,6.65,54.84,2.08,28.13,243.84,260.32,10.51
2023-01-07 02:00:00,2643.59,19.0,58.95,0.19,33.38,256.28,279.47,14.06
2023-01-07 03:00:00,2803.8,22.8,67.86,0.41,35.29,248.16,272.01,14.57
2023-01-07 04:00:00,1949.31,1.77,67.17,31.11,45.78,188.93,206.99,10.64
2023-01-07 05:00:00,1762.39,4.81,55.52,42.56,51.98,178.01,199.88,10.64
2023-01-07 06:00:00,1655.58,6.82,49.35,57.22,57.7,176.14,197.13,10.64
2023-01-07 07:00:00,1535.42,8.38,42.5,94.41,59.13,171.94,190.42,10.51
2023-01-07 08:00:00,1535.42,7.6,42.5,114.44,60.56,178.09,196.41,11.27
2023-01-07 09:00:00,1602.17,6.87,46.61,127.32,66.76,191.9,211.27,12.67
2023-01-07 10:00:00,2109.53,8.61,64.43,107.29,59.6,237.61,265.68,16.97
2023-01-07 11:00:00,2990.72,12.52,101.45,55.07,47.68,306.76,348.72,19.51
2023-01-07 12:00:00,3791.81,24.81,134.35,7.42,41.48,357.68,409.6,18.49
2023-01-07 13:00:00,4432.68,45.15,132.98,0.01,41.01,402.33,462.84,18.24
2023-01-07 14:00:00,4379.27,32.19,117.9,0.06,38.15,432.89,495.9,15.2
2023-01-07 15:00:00,3578.19,4.69,95.96,13.41,31.47,413.07,466.39,11.27
2023-01-07 16:00:00,2723.69,0.0,60.32,47.21,26.23,366.6,407.18,9.5
2023-01-07 17:00:00,2510.07,0.0,53.47,45.42,24.32,341.65,380.04,8.74
2023-01-07 18:00:00,2189.64,0.01,46.61,41.13,20.5,296.76,328.78,6.78
2023-01-07 19:00:00,1789.09,0.01,38.39,38.98,16.21,248.38,271.62,4.5
2023-01-07 20:00:00,1562.12,0.01,32.9,36.12,14.9,225.91,244.96,3.89
2023-01-07 21:00:00,1468.66,0.02,30.16,32.54,14.66,220.25,237.29,3.74
2023-01-07 22:00:00,1415.25,0.04,28.79,28.97,14.54,222.98,237.93,3.77
2023-01-07 23:00:00,1375.2,0.04,27.42,28.25,14.78,231.23,243.4,3.64
2023-01-08 00:00:00,1388.55,0.04,27.42,30.04,16.45,248.99,259.41,3.55
2023-01-08 01:00:00,1548.77,0.06,32.22,32.54,21.46,274.41,286.51,4.43
2023-01-08 02:00:00,1895.9,0.36,45.93,23.96,28.13,303.19,320.32,7.09
2023-01-08 03:00:00,2136.23,1.33,56.89,14.13,33.38,311.74,330.84,8.99
2023-01-08 04:00:00,2136.23,3.69,55.52,16.27,40.05,298.63,317.89,9.63
2023-01-08 05:00:00,2109.53,8.83,47.3,28.61,46.73,286.06,308.15,9.63
2023-01-08 06:00:00,2029.42,10.17,42.5,50.07,53.88,271.76,293.66,8.61
2023-01-08 07:00:00,1895.9,8.16,38.04,85.83,57.7,267.86,286.83,7.09
2023-01-08 08:00:00,1895.9,6.09,37.7,118.73,58.65,285.15,304.0,7.92
2023-01-08 09:00:00,1895.9,4.81,39.07,143.05,62.94,296.52,315.89,9.5
2023-01-08 10:00:00,2136.23,4.92,50.04,131.61,57.22,308.4,332.44,12.92
2023-01-08 11:00:00,2590.18,5.59,76.77,86.55,46.73,325.19,357.19,15.07
2023-01-08 12:00:00,2990.72,3.74,112.41,28.97,39.1,327.78,365.97,14.31
2023-01-08 13:00:00,4005.43,32.19,124.75,0.44,39.1,370.36,425.01,16.47
2023-01-08 14:00:00,5340.58,69.74,116.53,0.0,43.87,465.48,547.36,20.52
2023-01-08 15:00:00,6088.26,76.89,106.93,0.0,45.78,540.22,640.1,22.8
2023-01-08 16:00:00,6301.88,72.42,95.96,0.0,44.35,580.27,686.03,22.55
2023-01-08 17:00:00,6195.07,64.37,89.11,0.0,39.58,586.77,689.82,18.75
2023-01-08 18:00:00,5287.17,45.15,82.25,0.01,29.33,515.47,599.64,11.91
2023-01-08 19:00:00,3738.4,17.21,72.66,0.25,20.98,388.82,444.16,7.22
2023-01-08 20:00:00,3044.13,9.39,62.38,0.71,21.46,338.57,384.26,7.16
2023-01-08 21:00:00,2723.69,7.38,54.15,0.92,21.7,316.79,358.09,6.97
2023-01-08 22:00:00,2510.07,6.93,48.67,0.97,21.46,303.46,339.96,6.78
2023-01-08 23:00:00,2323.15,5.7,45.93,1.42,21.22,289.34,316.87,6.52
2023-01-09 00:00:00,2189.64,4.58,47.3,2.32,22.41,279.67,299.43,6.59
2023-01-09 01:00:00,2376.56,8.38,52.78,1.94,28.37,275.12,295.06,8.61
2023-01-09 02:00:00,3257.75,33.97,58.26,0.02,41.01,323.9,357.37,14.69
2023-01-09 03:00:00,4219.06,66.16,65.8,0.06,55.79,378.73,424.38,21.53
2023-01-09 04:00:00,4966.74,91.2,71.29,0.22,72.48,427.47,482.57,27.87
2023-01-09 05:00:00,5661.01,109.97,74.71,0.73,86.78,473.62,540.96,30.4
2023-01-09 06:00:00,5981.45,113.55,82.94,1.63,98.23,497.64,572.48,28.88
2023-01-09 07:00:00,4646.3,59.01,112.41,6.35,135.42,447.86,503.13,20.77
2023-01-09 08:00:00,4219.06,39.34,123.38,7.51,139.24,434.5,486.51,20.01
2023-01-09 09:00:00,3845.21,27.49,128.87,7.78,144.96,416.65,465.83,20.52
2023-01-09 10:00:00,4966.74,62.58,127.49,23.96,125.89,485.42,556.44,34.45
2023-01-09 11:00:00,6942.75,109.97,159.03,7.6,139.24,606.27,708.0,58.26
2023-01-09 12:00:00,8438.11,171.66,174.11,0.85,173.57,679.92,800.28,83.09
2023-01-09 13:00:00,10147.09,228.88,183.7,0.0,213.62,775.94,920.5,115.51
2023-01-09 14:00:00,11535.64,250.34,183.7,0.0,234.6,886.09,1064.14,143.89
2023-01-09 15:00:00,12176.51,236.03,168.62,0.0,215.53,957.55,1163.46,145.91
2023-01-09 16:00:00,12283.33,219.94,145.32,0.0,162.12,1004.77,1225.53,111.46
2023-01-09 17:00:00,12069.7,211.0,120.64,0.0,103.95,1022.55,1241.36,64.34
2023-01-09 18:00:00,10360.72,182.39,90.48,0.0,60.08,911.47,1096.68,29.64
2023-01-09 19:00:00,6462.1,99.24,67.17,0.0,33.38,613.79,722.61,12.92
2023-01-09 20:00:00,4486.08,59.01,52.09,0.0,26.7,464.17,537.61,11.15
2023-01-09 21:00:00,3471.37,36.66,48.67,0.0,25.03,387.65,441.49,11.4
2023-01-09 22:00:00,2777.1,15.65,51.41,0.13,24.08,329.88,366.35,9.88
2023-01-09 23:00:00,2510.07,7.6,50.04,0.59,23.37,306.72,333.03,7.73
2023-01-10 00:00:00,2429.96,6.82,49.35,0.83,24.32,299.74,319.69,7.16
2023-01-10 01:00:00,2643.59,14.19,50.04,0.3,30.04,311.01,333.49,9.5
2023-01-10 02:00:00,3391.27,37.55,54.15,0.01,40.53,355.74,390.1,15.2
2023-01-10 03:00:00,4058.84,62.58,57.58,0.11,49.11,388.27,431.04,19.51
2023-01-10 04:00:00,4325.87,73.31,61.01,0.21,55.79,409.04,456.06,22.04
2023-01-10 05:00:00,4486.08,75.1,63.75,0.5,61.04,422.57,479.0,22.55
2023-01-10 06:00:00,4272.46,66.16,67.86,1.02,64.85,414.34,473.19,20.27
2023-01-10 07:00:00,2563.48,16.76,67.17,57.22,80.11,362.04,394.02,3.36
2023-01-10 08:00:00,2002.72,8.49,53.47,100.14,75.34,338.88,362.33,0.63
2023-01-10 09:00:00,1815.8,6.2,46.61,125.89,72.48,323.35,344.52,1.58
2023-01-10 10:00:00,1842.5,5.25,48.67,125.89,61.04,303.82,327.1,5.51
2023-01-10 11:00:00,2082.82,4.92,65.12,91.55,51.02,298.06,326.27,10.01
2023-01-10 12:00:00,2403.26,2.04,91.85,45.42,47.21,296.62,329.27,12.03
2023-01-10 13:00:00,2723.69,1.16,105.56,14.13,47.21,308.27,347.88,13.3
2023-01-10 14:00:00,2883.91,2.26,98.71,8.05,45.78,325.07,372.56,13.68
2023-01-10 15:00:00,2883.91,1.42,87.05,10.73,41.48,336.66,387.82,12.29
2023-01-10 16:00:00,2777.1,0.56,76.77,16.09,37.19,340.41,390.65,11.15
2023-01-10 17:00:00,2696.99,0.24,69.23,21.28,34.33,342.82,390.79,10.01
2023-01-10 18:00:00,2429.96,0.06,60.32,30.76,29.56,333.9,375.44,7.35
2023-01-10 19:00:00,2109.53,0.0,47.98,44.35,24.08,321.24,353.09,4.62
2023-01-10 20:00:00,1976.01,0.0,40.1,51.5,22.89,324.83,353.05,4.37
2023-01-10 21:00:00,2002.72,0.0,36.67,50.78,23.13,335.08,362.44,4.62
2023-01-10 22:00:00,2029.42,0.0,35.3,47.21,23.84,341.66,367.39,4.94
2023-01-10 23:00:00,2029.42,0.0,34.96,43.27,24.32,344.65,366.13,4.94
2023-01-11 00:00:00,2082.82,0.01,37.36,38.98,25.75,346.96,365.13,5.0
2023-01-11 01:00:00,2323.15,0.25,49.35,27.89,31.47,362.23,382.71,6.78
2023-01-11 02:00:00,2990.72,6.31,72.66,5.81,42.92,401.03,430.85,11.53
2023-01-11 03:00:00,3631.59,26.6,82.25,0.29,56.74,431.29,468.4,16.21
2023-01-11 04:00:00,3845.21,36.66,91.85,1.42,77.25,430.63,471.19,18.24
2023-01-11 05:00:00,3791.81,42.02,98.71,6.08,96.32,428.91,475.3,17.48
2023-01-11 06:00:00,3685.0,42.02,106.93,14.31,114.44,425.47,473.0,15.45
2023-01-11 07:00:00,2616.88,24.36,93.22,45.06,106.81,317.58,353.73,9.75
2023-01-11 08:00:00,2243.04,14.53,91.85,61.51,102.04,276.6,307.08,10.39
2023-01-11 09:00:00,2349.85,14.75,100.08,72.96,116.35,281.84,312.46,13.68
2023-01-11 10:00:00,3738.4,38.44,131.61,68.66,112.53,381.4,432.37,26.85
2023-01-11 11:00:00,6301.88,78.68,189.19,29.33,97.27,542.53,625.16,41.54
2023-01-11 12:00:00,8972.17,153.78,211.12,4.43,87.74,663.03,772.61,46.1
2023-01-11 13:00:00,11001.59,227.09,205.64,0.07,87.74,745.71,885.86,48.64
2023-01-11 14:00:00,11001.59,223.52,183.7,0.0,79.15,777.28,932.12,38.5
2023-01-11 15:00:00,8972.17,153.78,150.8,0.0,62.94,704.48,838.63,22.55
2023-01-11 16:00:00,4966.74,36.21,128.87,0.03,49.11,494.18,574.18,12.79
2023-01-11 17:00:00,3952.03,10.95,120.64,0.93,43.87,471.31,543.74,11.4
2023-01-11 18:00:00,3417.97,1.68,98.71,11.8,38.15,491.52,553.51,7.92
2023-01-11 19:00:00,2830.51,0.01,63.75,37.55,29.09,483.58,529.44,4.88
2023-01-11 20:00:00,2376.56,0.0,41.13,49.35,24.32,423.34,456.83,4.56
2023-01-11 21:00:00,1976.01,0.0,31.19,50.78,24.32,347.58,373.73,4.69
2023-01-11 22:00:00,1682.28,0.0,28.45,61.51,33.86,302.78,321.9,4.31
2023-01-11 23:00:00,1548.77,0.0,28.1,67.23,37.67,291.99,305.38,4.05
2023-01-12 00:00:00,1508.71,0.0,28.1,65.8,36.72,285.54,296.38,4.43
2023-01-12 01:00:00,1642.23,0.01,33.59,53.64,34.81,288.89,301.78,6.46
2023-01-12 02:00:00,2136.23,0.64,53.47,23.6,36.24,319.02,340.65,10.01
2023-01-12 03:00:00,2616.88,8.16,69.23,5.41,40.53,344.67,373.58,11.4
2023-01-12 04:00:00,2696.99,14.53,66.49,19.85,43.39,344.66,375.5,11.78
2023-01-12 05:00:00,2456.67,12.07,61.01,50.07,48.16,334.63,363.47,13.3
2023-01-12 06:00:00,2216.34,9.5,56.21,80.11,56.27,329.12,354.62,13.17
2023-01-12 07:00:00,1348.5,4.47,39.07,128.75,64.85,251.19,266.75,4.56
2023-01-12 08:00:00,1214.98,3.91,37.01,138.76,68.66,250.22,265.49,4.12
2023-01-12 09:00:00,1201.63,3.74,41.47,140.19,78.2,255.9,271.98,4.75
2023-01-12 10:00:00,1428.6,3.63,55.52,123.02,82.02,265.43,284.83,8.61
2023-01-12 11:00:00,1815.8,2.37,70.6,97.27,67.71,282.85,306.61,13.43
2023-01-12 12:00:00,2109.53,0.57,85.0,66.52,55.79,287.81,314.83,15.45
2023-01-12 13:00:00,2483.37,0.04,101.45,38.27,50.54,295.78,328.34,16.47
2023-01-12 14:00:00,2750.4,0.43,108.3,18.78,46.73,302.39,343.18,16.09
2023-01-12 15:00:00,2777.1,1.45,102.82,9.48,41.96,302.71,347.94,13.68
2023-01-12 16:00:00,2616.88,1.69,89.11,7.96,36.24,297.88,342.95,11.27
2023-01-12 17:00:00,2429.96,1.19,76.77,9.83,32.9,303.1,346.78,10.01
2023-01-12 18:00:00,2162.93,0.55,65.12,14.48,29.56,301.4,338.68,7.47
2023-01-12 19:00:00,1789.09,0.09,50.72,24.68,25.99,287.98,315.13,4.56
2023-01-12 20:00:00,1575.47,0.02,39.41,33.62,25.99,296.45,318.31,3.48
2023-01-12 21:00:00,1482.01,0.01,32.9,39.7,27.42,322.54,342.95,2.69
2023-01-12 22:00:00,1428.6,0.0,30.16,43.27,29.56,334.86,354.96,2.47
2023-01-12 23:00:00,1375.2,0.0,28.79,44.7,30.28,325.23,344.31,2.63
2023-01-13 00:00:00,1348.5,0.01,30.16,42.92,34.33,315.53,333.68,2.66
2023-01-13 01:00:00,1455.31,0.07,38.39,34.33,47.21,310.23,328.53,3.2
2023-01-13 02:00:00,1869.2,2.1,58.95,13.05,59.13,314.42,338.65,6.4
2023-01-13 03:00:00,2403.26,17.66,67.86,1.68,66.76,317.4,349.25,10.01
2023-01-13 04:00:00,2616.88,29.06,63.75,6.17,71.53,305.62,340.9,11.65
2023-01-13 05:00:00,2376.56,24.59,60.32,12.52,77.25,272.63,304.38,11.53
2023-01-13 06:00:00,2002.72,17.43,60.32,16.63,84.88,238.26,262.89,9.75
2023-01-13 07:00:00,1361.85,8.05,58.26,45.42,97.27,204.97,218.48,3.83
2023-01-13 08:00:00,1228.33,9.61,55.52,63.66,98.23,197.79,209.44,3.51
2023-01-13 09:00:00,1174.93,11.29,56.21,69.38,102.04,189.25,200.89,3.93
2023-01-13 10:00:00,2670.29,44.26,83.63,27.89,82.02,252.73,286.67,15.33
2023-01-13 11:00:00,5126.95,116.23,100.08,5.59,70.57,355.89,421.5,26.35
2023-01-13 12:00:00,7690.43,214.58,106.93,0.52,83.92,455.53,550.98,44.58
2023-01-13 13:00:00,10360.72,307.56,119.27,0.0,137.33,582.28,721.54,91.2
2023-01-13 14:00:00,12924.19,364.78,130.24,0.0,207.9,750.06,943.37,151.99
2023-01-13 15:00:00,14953.61,389.81,134.35,0.0,274.66,938.28,1176.35,208.74
2023-01-13 16:00:00,16235.35,389.81,132.98,0.0,316.62,1074.91,1337.24,247.24
2023-01-13 17:00:00,16876.22,382.66,128.87,0.0,339.51,1174.7,1448.28,267.51
2023-01-13 18:00:00,16662.6,371.93,124.75,0.0,335.69,1225.39,1448.7,257.37
2023-01-13 19:00:00,16235.35,368.36,111.04,0.0,179.29,1232.62,1355.2,102.34
2023-01-13 20:00:00,15594.48,368.36,97.33,0.0,62.94,1278.35,1342.18,19.0
2023-01-13 21:00:00,13671.88,325.44,79.51,0.0,32.9,1204.33,1238.17,6.78
2023-01-13 22:00:00,5607.6,101.92,82.94,0.0,60.08,588.92,607.98,4.81
2023-01-13 23:00:00,2964.02,31.74,63.06,0.0,32.42,388.75,405.43,3.64
2023-01-14 00:00:00,1949.31,8.94,49.35,0.36,23.84,313.15,328.57,3.89
2023-01-14 01:00:00,1789.09,5.87,43.18,1.17,25.99,296.69,313.95,5.13
2023-01-14 02:00:00,2029.42,11.62,42.5,0.4,32.42,308.95,334.15,7.79
2023-01-14 03:00:00,2136.23,16.76,42.16,1.05,37.67,311.38,341.26,8.74
2023-01-14 04:00:00,1815.8,8.94,38.39,13.77,42.44,283.89,311.15,5.76
2023-01-14 05:00:00,1708.98,9.95,31.87,30.04,43.39,272.5,297.96,7.16
2023-01-14 06:00:00,1642.23,8.94,29.13,53.64,43.87,268.21,291.27,8.74
2023-01-14 07:00:00,1428.6,4.41,21.42,98.71,34.33,235.46,255.9,6.14
2023-01-14 08:00:00,1335.14,2.51,16.96,130.18,30.28,228.21,248.37,5.19
2023-01-14 09:00:00,1295.09,1.93,16.62,144.48,32.42,232.95,253.92,5.57
2023-01-14 10:00:00,1401.9,2.24,23.99,137.33,37.19,233.89,257.07,7.92
2023-01-14 11:00:00,1535.42,2.24,37.7,113.01,40.05,224.51,249.84,11.65
2023-01-14 12:00:00,1588.82,0.76,52.09,82.97,38.62,194.58,220.49,14.82
2023-01-14 13:00:00,1655.58,0.01,58.95,62.23,38.62,171.45,198.75,18.75
2023-01-14 14:00:00,1682.28,0.0,55.52,59.37,37.67,162.23,192.21,22.55
2023-01-14 15:00:00,1628.88,0.0,47.3,63.66,35.29,157.02,187.47,24.57
2023-01-14 16:00:00,1562.12,0.0,41.13,69.38,32.42,153.68,183.13,24.83
2023-01-14 17:00:00,1495.36,0.0,37.7,72.24,30.52,152.97,181.32,22.55
2023-01-14 18:00:00,1361.85,0.0,33.24,75.1,26.23,151.19,175.88,16.09
2023-01-14 19:00:00,1188.28,0.0,27.42,77.96,21.7,154.16,173.78,9.12
2023-01-14 20:00:00,1161.58,0.0,23.31,75.82,20.27,169.64,186.87,5.64
2023-01-14 21:00:00,1188.28,0.0,21.25,70.1,19.55,181.0,196.71,4.05
2023-01-14 22:00:00,1188.28,0.0,20.22,63.66,19.07,177.13,191.22,3.7
2023-01-14 23:00:00,1148.22,0.0,20.05,58.65,19.55,165.43,178.29,3.61
2023-01-15 00:00:00,1134.87,0.0,21.76,55.07,21.7,158.37,171.09,3.7
2023-01-15 01:00:00,1201.63,0.01,27.42,48.64,25.75,158.77,173.53,4.69
2023-01-15 02:00:00,1401.9,0.11,39.41,34.69,31.47,163.78,183.32,6.78
2023-01-15 03:00:00,1548.77,2.74,47.3,24.68,35.29,162.23,184.62,8.99
2023-01-15 04:00:00,1562.12,10.62,40.1,35.05,38.62,153.69,176.94,11.65
2023-01-15 05:00:00,1482.01,12.07,34.96,52.21,43.39,141.52,164.52,14.44
2023-01-15 06:00:00,1308.44,9.39,31.87,78.68,47.68,124.87,145.12,14.31
2023-01-15 07:00:00,761.03,3.38,16.45,123.02,32.42,69.0,79.58,6.97
2023-01-15 08:00:00,654.22,2.49,13.37,134.47,27.89,60.1,69.08,6.14
2023-01-15 09:00:00,654.22,2.29,14.39,138.76,29.09,60.5,69.51,6.97
2023-01-15 10:00:00,894.55,3.69,25.7,124.45,34.33,71.34,84.41,10.51
2023-01-15 11:00:00,1321.79,5.53,47.98,92.98,39.1,90.5,110.64,15.45
2023-01-15 12:00:00,1762.39,3.3,78.14,52.21,41.01,105.19,131.35,19.76
2023-01-15 13:00:00,2189.64,0.57,100.08,20.56,42.92,126.37,159.96,25.84
2023-01-15 14:00:00,2456.67,1.36,98.71,11.98,41.96,152.18,194.64,31.92
2023-01-15 15:00:00,2456.67,1.15,87.05,12.7,37.19,166.77,213.05,35.46
2023-01-15 16:00:00,2323.15,0.61,76.77,16.45,32.42,167.89,213.4,34.45
2023-01-15 17:00:00,2189.64,0.29,68.55,21.1,30.28,164.71,208.01,32.17
2023-01-15 18:00:00,1895.9,0.1,58.95,28.61,25.27,145.41,181.36,26.09
2023-01-15 19:00:00,1508.71,0.02,47.98,36.12,20.27,118.95,145.75,19.0
2023-01-15 20:00:00,1401.9,0.03,45.24,34.33,21.46,116.76,142.23,15.96
2023-01-15 21:00:00,1401.9,0.05,44.55,30.04,22.41,122.35,148.63,13.3
2023-01-15 22:00:00,1428.6,0.11,44.55,25.03,22.65,128.52,156.28,10.89
2023-01-15 23:00:00,1455.31,0.28,45.93,19.31,22.89,134.07,162.56,9.37
2023-01-16 00:00:00,1575.47,1.19,50.72,11.0,24.32,143.95,174.02,8.99
2023-01-16 01:00:00,1976.01,9.39,57.58,2.19,30.52,170.71,207.91,12.03
2023-01-16 02:00:00,2857.21,37.1,61.01,0.01,41.48,225.97,280.04,19.0
2023-01-16 03:00:00,3578.19,66.16,63.75,1.52,47.68,260.58,325.94,23.31
2023-01-16 04:00:00,3791.81,78.68,62.38,7.96,52.93,267.0,335.34,27.61
2023-01-16 05:00:00,3898.62,73.31,71.97,18.24,61.99,282.61,355.72,35.46
2023-01-16 06:00:00,3685.0,50.51,86.37,40.41,72.48,288.64,361.23,36.48
2023-01-16 07:00:00,1255.04,9.5,40.78,111.58,64.85,107.68,132.54,13.55
2023-01-16 08:00:00,881.2,5.2,27.08,130.18,51.5,78.25,95.97,9.5
2023-01-16 09:00:00,801.09,4.02,24.68,135.9,49.11,74.76,91.35,9.12
2023-01-16 10:00:00,1201.63,6.59,41.47,111.58,53.88,97.21,120.9,14.82
2023-01-16 11:00:00,1949.31,11.51,74.03,67.23,58.65,135.85,172.38,22.8
2023-01-16 12:00:00,2670.29,15.65,111.04,18.24,59.13,163.88,211.14,29.13
2023-01-16 13:00:00,3257.75,28.16,117.9,0.11,60.08,194.19,251.7,36.98
2023-01-16 14:00:00,3417.97,28.16,106.93,0.03,57.7,216.9,282.68,43.06
2023-01-16 15:00:00,3231.05,18.78,94.59,0.22,51.02,220.84,288.27,43.06
2023-01-16 16:00:00,2990.72,11.4,85.68,0.75,45.3,214.92,279.29,38.0
2023-01-16 17:00:00,2857.21,8.72,80.2,1.31,41.48,211.19,274.45,31.92
2023-01-16 18:00:00,2536.77,5.48,76.09,2.91,33.86,185.68,240.9,22.04
2023-01-16 19:00:00,1976.01,1.47,67.17,9.48,25.51,147.21,188.47,12.54
2023-01-16 20:00:00,1682.28,0.29,56.21,18.78,22.65,132.55,165.51,9.12
2023-01-16 21:00:00,1548.77,0.13,49.35,23.6,21.7,131.16,160.76,7.6
2023-01-16 22:00:00,1508.71,0.13,45.93,23.6,21.22,133.83,161.92,6.71
2023-01-16 23:00:00,1495.36,0.2,45.24,21.1,21.22,137.84,164.64,6.21
2023-01-17 00:00:00,1548.77,0.59,49.35,15.2,22.41,144.33,170.58,6.21
2023-01-17 01:00:00,1842.5,4.41,58.26,5.9,27.89,167.75,198.52,8.49
2023-01-17 02:00:00,2536.77,22.35,67.17,0.19,37.67,215.48,259.34,13.55
2023-01-17 03:00:00,3044.13,41.13,71.97,2.62,44.35,246.35,297.14,16.72
2023-01-17 04:00:00,3150.94,48.28,69.92,13.95,51.02,256.75,309.29,20.52
2023-01-17 05:00:00,3150.94,42.02,73.34,31.83,61.04,271.32,325.97,27.36
2023-01-17 06:00:00,2830.51,26.15,73.34,65.09,74.39,270.49,319.78,27.11
2023-01-17 07:00:00,1375.2,6.65,37.01,137.33,67.71,148.12,169.33,12.16
2023-01-17 08:00:00,1134.87,4.3,27.76,155.93,57.22,126.59,144.0,10.64
2023-01-17 09:00:00,1094.82,3.41,26.05,164.51,55.79,119.8,136.09,11.27
2023-01-17 10:00:00,1468.66,5.64,43.87,134.47,57.22,135.93,158.82,16.47
2023-01-17 11:00:00,2189.64,10.17,80.2,78.68,60.56,169.84,205.45,23.56
2023-01-17 12:00:00,2910.61,14.75,119.27,20.38,61.04,194.87,241.32,30.4
2023-01-17 13:00:00,3791.81,38.89,124.75,0.09,63.9,238.67,301.52,41.04
2023-01-17 14:00:00,4592.9,60.8,111.04,0.0,65.8,305.23,390.49,53.2
2023-01-17 15:00:00,5020.14,65.27,98.71,0.0,61.99,358.48,460.54,59.28
2023-01-17 16:00:00,5340.58,68.84,89.11,0.0,57.22,401.68,512.11,56.24
2023-01-17 17:00:00,5767.82,77.78,82.94,0.0,53.41,444.82,564.57,47.12
2023-01-17 18:00:00,5554.2,77.78,78.83,0.0,42.44,432.54,543.95,30.65
2023-01-17 19:00:00,4592.9,64.37,72.66,0.0,29.56,364.15,450.45,15.96
2023-01-17 20:00:00,3845.21,47.83,67.17,0.0,26.23,321.49,391.1,12.16
2023-01-17 21:00:00,3417.97,36.21,62.38,0.0,25.75,305.1,366.37,10.77
2023-01-17 22:00:00,3124.24,28.61,58.26,0.01,25.51,296.04,352.72,10.01
2023-01-17 23:00:00,2910.61,23.92,55.52,0.02,25.27,288.16,340.81,9.25
2023-01-18 00:00:00,2803.8,23.02,55.52,0.03,26.7,284.09,333.86,9.37
2023-01-18 01:00:00,3070.83,30.85,60.32,0.02,33.86,301.09,354.67,13.05
2023-01-18 02:00:00,4165.65,62.58,70.6,0.0,45.78,370.17,443.34,20.01
2023-01-18 03:00:00,5073.55,95.67,80.2,1.25,52.93,410.65,494.38,24.07
2023-01-18 04:00:00,5126.95,101.92,85.68,7.96,59.6,407.22,489.24,29.39
2023-01-18 05:00:00,5233.76,87.62,102.82,20.92,71.53,423.13,508.0,39.01
2023-01-18 06:00:00,5126.95,56.33,126.12,50.78,86.78,449.46,534.39,39.52
2023-01-18 07:00:00,1789.09,11.51,60.32,127.32,93.46,185.68,217.31,14.06
2023-01-18 08:00:00,1335.14,6.93,43.18,148.77,78.2,157.52,183.13,10.64
2023-01-18 09:00:00,1214.98,5.14,38.73,157.36,72.48,152.58,176.16,10.51
2023-01-18 10:00:00,2296.45,14.19,80.2,101.57,74.39,219.55,261.99,22.55
2023-01-18 11:00:00,4219.06,44.7,132.98,31.11,78.2,328.29,400.24,36.98
2023-01-18 12:00:00,5874.63,105.5,152.17,3.44,81.06,402.17,495.65,47.62
2023-01-18 13:00:00,7263.18,159.14,150.8,0.02,88.69,474.24,586.38,61.81
2023-01-18 14:00:00,7797.24,160.93,134.35,0.0,83.92,532.81,661.57,70.93
2023-01-18 15:00:00,7156.37,125.17,109.67,0.0,69.62,522.2,652.64,66.88
2023-01-18 16:00:00,6462.1,98.35,91.85,0.0,59.6,505.31,631.86,54.72
2023-01-18 17:00:00,6782.53,101.92,83.63,0.0,57.7,545.74,687.07,47.12
2023-01-18 18:00:00,6355.29,96.56,80.2,0.0,49.11,513.11,648.74,33.94
2023-01-18 19:00:00,5073.55,76.0,73.34,0.0,35.29,412.78,521.29,19.76
2023-01-18 20:00:00,3952.03,51.86,65.12,0.0,27.18,337.8,419.2,13.55
2023-01-18 21:00:00,3070.83,29.5,60.32,0.03,24.08,282.69,342.19,11.27
2023-01-18 22:00:00,2162.93,4.97,61.69,4.02,24.08,223.44,259.79,10.51
2023-01-18 23:00:00,1815.8,0.37,53.47,16.81,25.51,208.04,234.65,10.77
2023-01-19 00:00:00,1695.63,0.08,49.35,27.54,29.56,207.44,228.82,12.03
2023-01-19 01:00:00,1842.5,0.3,57.58,26.46,38.15,220.89,243.64,15.33
2023-01-19 02:00:00,2590.18,9.95,80.88,4.16,49.11,265.35,302.1,21.79
2023-01-19 03:00:00,3524.78,44.26,84.31,2.28,56.74,308.03,360.51,24.57
2023-01-19 04:00:00,4112.24,70.63,85.0,10.37,61.04,333.74,397.81,27.11
2023-01-19 05:00:00,4432.68,73.31,97.33,20.03,71.53,357.94,429.45,35.46
2023-01-19 06:00:00,4539.49,58.11,120.64,37.91,89.65,385.11,459.44,39.01
2023-01-19 07:00:00,2002.72,19.22,82.25,86.55,120.16,182.57,214.34,19.0
2023-01-19 08:00:00,1708.98,15.87,76.77,104.43,123.98,163.29,191.38,16.21
2023-01-19 09:00:00,2002.72,19.89,104.19,103.0,177.38,204.85,237.27,18.49
2023-01-19 10:00:00,4112.24,60.8,161.77,46.49,209.81,347.16,410.38,34.96
2023-01-19 11:00:00,7370.0,150.2,194.67,11.0,194.55,540.17,644.38,55.22
2023-01-19 12:00:00,10467.53,271.8,202.89,1.23,196.46,698.68,837.37,76.0
2023-01-19 13:00:00,13031.01,357.63,211.12,0.01,270.84,819.17,983.86,118.55
2023-01-19 14:00:00,15167.24,404.12,227.57,0.0,381.47,980.86,1166.04,176.31
2023-01-19 15:00:00,16448.97,425.58,246.76,0.0,461.58,1142.61,1335.34,202.66
2023-01-19 16:00:00,16448.97,411.27,263.21,0.0,495.91,1228.04,1415.28,196.58
2023-01-19 17:00:00,16662.6,382.66,252.25,0.0,511.17,1310.2,1499.27,204.68
2023-01-19 18:00:00,14526.37,293.25,213.86,0.0,381.47,1170.46,1351.85,174.28
2023-01-19 19:00:00,4592.9,42.02,131.61,0.07,106.81,464.47,538.42,25.33
2023-01-19 20:00:00,2323.15,2.54,95.96,9.66,59.13,322.9,367.89,8.87
2023-01-19 21:00:00,1789.09,0.01,56.89,42.92,38.15,298.87,327.32,7.35
2023-01-19 22:00:00,1869.2,0.0,38.39,66.52,26.94,323.87,346.48,6.59
2023-01-19 23:00:00,2189.64,0.0,37.01,67.95,25.99,358.99,383.47,6.46
2023-01-20 00:00:00,2563.48,0.0,46.61,55.07,31.47,393.99,424.09,8.61
2023-01-20 01:00:00,3284.45,0.99,71.97,26.46,42.92,447.22,490.36,14.57
2023-01-20 02:00:00,4539.49,21.23,98.71,0.91,58.65,526.46,590.1,20.27
2023-01-20 03:00:00,4859.92,40.23,101.45,2.44,68.66,528.93,594.41,19.25
2023-01-20 04:00:00,4005.43,29.95,89.11,18.6,81.06,463.23,516.12,18.75
2023-01-20 05:00:00,3685.0,29.95,82.94,38.98,91.55,434.24,488.54,22.55
2023-01-20 06:00:00,3150.94,23.92,78.83,63.66,101.09,376.92,427.04,23.05
2023-01-20 07:00:00,2109.53,15.42,62.38,87.98,92.51,239.26,274.93,16.21
2023-01-20 08:00:00,1548.77,11.18,48.67,95.84,78.2,165.95,194.61,13.93
2023-01-20 09:00:00,1201.63,8.16,41.13,100.14,68.66,119.4,142.9,13.05
2023-01-20 10:00:00,1201.63,7.82,43.53,86.55,63.9,97.83,121.09,15.45
2023-01-20 11:00:00,1455.31,8.83,56.89,59.37,62.94,103.05,130.49,20.01
2023-01-20 12:00:00,1695.63,7.1,76.77,22.17,61.04,103.51,134.93,23.81
2023-01-20 13:00:00,2216.34,20.56,80.2,0.58,58.65,118.54,160.21,31.66
2023-01-20 14:00:00,2883.91,41.57,71.97,0.0,58.65,158.28,219.03,42.56
2023-01-20 15:00:00,3257.75,47.39,70.6,0.0,57.7,194.84,271.42,45.09
2023-01-20 16:00:00,3631.59,52.3,69.92,0.0,56.74,238.58,327.27,36.98
2023-01-20 17:00:00,4058.84,60.8,67.86,0.0,54.36,289.89,390.71,27.87
2023-01-20 18:00:00,4005.43,63.48,63.06,0.0,44.82,301.17,402.0,19.0
2023-01-20 19:00:00,3284.45,51.86,56.89,0.0,31.47,264.95,349.96,11.27
2023-01-20 20:00:00,2483.37,30.4,50.72,0.0,22.89,230.19,293.78,7.47
2023-01-20 21:00:00,1976.01,16.32,45.24,0.02,19.31,205.41,250.84,6.21
2023-01-20 22:00:00,1708.98,9.16,39.76,0.15,17.64,189.06,223.3,5.51
2023-01-20 23:00:00,1695.63,8.94,35.64,0.14,18.12,187.38,218.84,5.32
2023-01-21 00:00:00,1815.8,12.96,33.93,0.04,20.74,199.65,231.62,5.95
2023-01-21 01:00:00,1562.12,4.92,30.5,0.59,7.75,194.92,227.19,6.02
2023-01-21 02:00:00,1842.5,13.3,29.13,0.02,10.61,214.18,261.37,7.79
2023-01-21 03:00:00,2136.23,24.59,26.39,1.13,13.35,228.57,291.13,8.99
2023-01-21 04:00:00,2376.56,33.08,22.96,5.81,16.21,235.98,312.52,9.75
2023-01-21 05:00:00,2456.67,29.95,27.76,15.91,18.36,234.26,320.1,10.64
2023-01-21 06:00:00,2376.56,19.0,37.7,43.27,20.5,237.21,325.85,12.03
2023-01-21 07:00:00,1255.04,8.38,33.24,91.55,68.67,146.14,184.06,8.99
2023-01-21 08:00:00,1174.93,9.16,42.16,103.0,119.21,152.45,184.86,7.35
2023-01-21 09:00:00,1335.14,10.62,60.32,108.72,173.57,184.8,218.71,7.47
2023-01-21 10:00:00,2002.72,14.53,80.2,76.53,156.4,239.82,296.15,14.57
2023-01-21 11:00:00,2990.72,16.54,116.53,45.78,150.68,307.68,396.63,29.89
2023-01-21 12:00:00,3845.22,13.86,163.14,14.48,156.4,353.18,466.35,47.12
2023-01-21 13:00:00,4112.24,16.32,180.96,0.41,143.05,360.49,491.3,63.33
2023-01-21 14:00:00,3952.03,16.54,165.88,0.17,113.49,347.1,494.6,78.02
2023-01-21 15:00:00,3524.78,13.08,137.09,0.32,79.16,313.89,465.03,80.05
2023-01-21 16:00:00,3097.53,13.64,101.45,0.18,41.49,278.54,422.18,46.61
2023-01-21 17:00:00,2696.99,16.76,71.97,0.07,24.08,249.8,385.96,27.11
2023-01-21 18:00:00,2216.34,14.19,53.47,0.21,14.78,225.53,335.58,14.82
2023-01-21 19:00:00,1762.39,6.15,45.93,1.26,11.44,221.21,292.12,7.47
2023-01-21 20:00:00,1575.47,1.48,40.78,5.01,9.89,238.7,285.85,5.13
2023-01-21 21:00:00,1495.36,0.16,34.96,15.91,7.75,251.97,285.62,4.43
2023-01-21 22:00:00,1388.55,0.0,27.08,35.41,6.02,241.21,265.56,4.43
2023-01-21 23:00:00,1321.79,0.0,22.96,39.7,5.25,223.43,245.23,4.24
2023-01-22 00:00:00,1268.39,0.01,21.42,37.19,5.84,204.45,226.03,4.31
2023-01-22 01:00:00,1241.68,0.04,22.62,30.04,7.75,187.79,213.1,4.81
2023-01-22 02:00:00,1361.85,0.65,30.16,15.02,11.56,180.53,218.43,5.76
2023-01-22 03:00:00,1535.42,5.92,34.27,3.13,15.26,177.12,228.08,6.33
2023-01-22 04:00:00,1668.93,14.98,29.47,4.87,18.36,175.86,237.56,6.84
2023-01-22 05:00:00,1615.52,16.99,25.36,13.05,20.74,168.41,235.71,8.49
2023-01-22 06:00:00,1441.96,13.3,23.31,28.97,22.89,160.21,227.53,10.64
2023-01-22 07:00:00,821.11,4.75,18.85,82.25,53.41,126.96,159.93,2.98
2023-01-22 08:00:00,754.36,3.55,17.31,97.28,57.22,130.49,158.34,3.52
2023-01-22 09:00:00,794.41,2.52,15.94,107.29,53.88,141.49,166.76,5.26
2023-01-22 10:00:00,1161.58,3.8,25.36,80.11,39.58,162.46,200.98,11.27
2023-01-22 11:00:00,1602.17,5.7,41.47,41.49,28.61,182.41,240.48,17.73
2023-01-22 12:00:00,1976.01,8.94,58.26,9.21,25.99,189.31,265.09,25.08
2023-01-22 13:00:00,2136.23,18.77,56.89,0.14,26.23,191.01,283.58,33.95
2023-01-22 14:00:00,2056.12,21.23,50.04,0.04,23.13,189.03,292.8,36.48
2023-01-22 15:00:00,1895.91,16.76,47.3,0.17,19.31,180.73,283.58,34.96
2023-01-22 16:00:00,1602.17,5.31,47.98,2.06,15.74,161.37,246.54,31.16
2023-01-22 17:00:00,1508.71,2.38,44.55,4.25,13.95,154.25,231.99,26.6
2023-01-22 18:00:00,1401.9,1.4,40.44,5.99,10.97,147.54,213.17,20.52
2023-01-22 19:00:00,1281.74,0.68,36.67,8.58,9.06,142.38,189.85,15.58
2023-01-22 20:00:00,1255.04,0.33,33.93,11.98,10.13,145.05,183.21,15.33
2023-01-22 21:00:00,1201.63,0.09,30.16,18.6,11.68,144.72,175.91,16.09
2023-01-22 22:00:00,1094.82,0.02,26.73,27.18,15.26,136.25,161.43,16.09
2023-01-22 23:00:00,1041.41,0.03,26.39,25.39,17.17,130.82,153.69,16.72
2023-01-23 00:00:00,1054.76,0.08,29.13,20.03,18.12,128.92,152.01,17.73
2023-01-23 01:00:00,1121.52,0.33,33.24,15.02,20.03,130.29,158.47,18.24
2023-01-23 02:00:00,1321.79,1.87,40.44,6.88,22.89,138.75,181.56,17.99
2023-01-23 03:00:00,1508.71,8.61,40.78,4.16,24.08,146.53,204.21,16.21
2023-01-23 04:00:00,1615.52,16.99,31.87,13.59,25.03,152.33,222.57,15.71
2023-01-23 05:00:00,1615.52,17.21,29.47,24.68,26.23,156.13,235.69,18.24
2023-01-23 06:00:00,1548.77,12.63,30.5,45.78,28.37,159.73,240.23,19.0
2023-01-23 07:00:00,1014.71,5.7,26.05,95.84,41.01,118.2,162.03,11.27
2023-01-23 08:00:00,907.9,3.97,23.31,123.02,42.44,114.0,150.88,10.64
2023-01-23 09:00:00,847.82,2.79,21.25,143.05,42.92,113.64,147.28,10.89
2023-01-23 10:00:00,1428.6,5.42,37.7,103.0,43.39,145.42,201.42,16.97
2023-01-23 11:00:00,3044.13,18.55,78.14,38.62,63.9,243.39,339.94,30.15
2023-01-23 12:00:00,6195.07,89.41,122.01,3.31,110.63,427.02,563.77,54.72
2023-01-23 13:00:00,9719.85,212.79,149.43,0.02,164.03,637.92,813.99,88.16
2023-01-23 14:00:00,12283.33,296.83,168.62,0.0,186.92,831.06,1050.13,108.42
2023-01-23 15:00:00,12817.38,293.26,175.48,0.0,165.94,929.07,1172.44,101.33
2023-01-23 16:00:00,11535.65,232.46,159.03,0.0,131.61,898.65,1134.58,83.09
2023-01-23 17:00:00,10147.09,187.76,135.72,0.0,109.67,846.32,1078.5,74.98
2023-01-23 18:00:00,8544.92,153.78,112.41,0.0,87.74,762.53,990.96,63.84
2023-01-23 19:00:00,7049.56,126.96,93.22,0.0,64.85,657.49,848.57,45.6
2023-01-23 20:00:00,6301.88,109.97,82.25,0.0,49.11,600.46,746.77,29.64
2023-01-23 21:00:00,5607.61,85.83,81.57,0.0,43.87,562.3,670.39,17.48
2023-01-23 22:00:00,4432.68,50.52,82.25,0.0,41.49,491.73,568.12,8.23
2023-01-23 23:00:00,3524.78,29.06,73.34,0.01,34.33,437.25,502.38,5.64
2023-01-24 00:00:00,2964.02,21.68,58.26,0.03,23.84,393.73,457.78,5.7
2023-01-24 01:00:00,2269.75,8.61,51.41,0.91,22.89,323.11,385.18,5.57
2023-01-24 02:00:00,2162.93,8.61,45.24,0.89,21.94,291.08,365.18,7.16
2023-01-24 03:00:00,2136.23,8.16,43.87,4.74,23.37,269.92,344.91,6.9
2023-01-24 04:00:00,1762.39,4.64,37.01,33.26,30.52,231.15,289.84,6.27
2023-01-24 05:00:00,1735.69,6.82,34.96,46.49,34.33,225.08,280.52,9.12
2023-01-24 06:00:00,1922.61,8.16,40.1,56.51,43.39,242.49,296.07,12.54
2023-01-24 07:00:00,1361.85,9.05,52.78,71.53,100.14,165.67,191.82,7.47
2023-01-24 08:00:00,1134.87,8.61,56.89,80.11,110.63,123.76,140.26,5.51